pos.ID,UKBID,AApos,Reactivity,Rgroup
A0AVT1_C347,A0AVT1,347,2.08,Medium
A0AVT1_C433,A0AVT1,433,4.26,Medium
A0MZ66_C565,A0MZ66,565,8.48,Low
A6NDG6_C297,A6NDG6,297,4.4,Medium
A6NDU8_C57,A6NDU8,57,6.06,Low
A6NED2_C139,A6NED2,139,1.28,High
A6NHL2_C322,A6NHL2,322,3.62,Medium
A6NHL2_C323,A6NHL2,323,3.62,Medium
A6NHL2_C354,A6NHL2,354,4.68,Medium
A6NNF4_C55,A6NNF4,55,5.04,Low
A9UHW6_C49,A9UHW6,49,4.44,Medium
O00170_C121,O00170,121,3.06,Medium
O00170_C122,O00170,122,3.06,Medium
O00244_C12,O00244,12,2.84,Medium
O00244_C15,O00244,15,2.84,Medium
O00267_C626,O00267,626,1.09,High
O00268_C1022,O00268,1022,3.73,Medium
O00273_C154,O00273,154,10.32,Low
O00273_C165,O00273,165,5.17,Low
O00299_C24,O00299,24,2.11,Medium
O00299_C59,O00299,59,5.96,Low
O00299_C191,O00299,191,4.65,Medium
O00299_C223,O00299,223,5.45,Low
O00303_C256,O00303,256,5.8,Low
O00429_C367,O00429,367,3.87,Medium
O00429_C470,O00429,470,6.51,Low
O00487_C299,O00487,299,4.32,Medium
O00506_C73,O00506,73,5.7,Low
O00506_C357,O00506,357,20.0,Low
O00515_C428,O00515,428,5.37,Low
O00541_C272,O00541,272,2.49,Medium
O00743_C192,O00743,192,5.0,Medium
O00764_C273,O00764,273,6.25,Low
O14545_C482,O14545,482,6.25,Low
O14556_C224,O14556,224,6.81,Low
O14579_C212,O14579,212,4.02,Medium
O14733_C131,O14733,131,2.61,Medium
O14733_C202,O14733,202,0.74,High
O14744_C278,O14744,278,5.38,Low
O14776_C535,O14776,535,5.96,Low
O14777_C449,O14777,449,2.26,Medium
O14879_C283,O14879,283,8.08,Low
O14879_C343,O14879,343,4.14,Medium
O14929_C101,O14929,101,7.05,Low
O14933_C98,O14933,98,3.79,Medium
O14933_C102,O14933,102,6.49,Low
O14950_C109,O14950,109,5.16,Low
O14980_C34,O14980,34,5.27,Low
O14980_C199,O14980,199,4.74,Medium
O15020_C115,O15020,115,6.22,Low
O15067_C66,O15067,66,6.58,Low
O15067_C606,O15067,606,6.43,Low
O15075_C276,O15075,276,6.64,Low
O15144_C120,O15144,120,9.24,Low
O15145_C162,O15145,162,3.81,Medium
O15231_C615,O15231,615,7.17,Low
O15294_C620,O15294,620,3.08,Medium
O15294_C758,O15294,758,4.51,Medium
O15304_C6,O15304,6,4.08,Medium
O15355_C13,O15355,13,4.65,Medium
O15355_C164,O15355,164,4.52,Medium
O15355_C241,O15355,241,5.44,Low
O15371_C19,O15371,19,6.47,Low
O15382_C342,O15382,342,7.61,Low
O15460_C510,O15460,510,8.78,Low
O43175_C369,O43175,369,4.13,Medium
O43264_C568,O43264,568,5.5,Low
O43390_C99,O43390,99,6.91,Low
O43396_C34,O43396,34,1.35,High
O43414_C285,O43414,285,8.06,Low
O43592_C522,O43592,522,4.63,Medium
O43617_C68,O43617,68,6.79,Low
O43684_C129,O43684,129,6.65,Low
O43707_C60,O43707,60,20.0,Low
O43707_C499,O43707,499,7.42,Low
O43708_C137,O43708,137,1.86,High
O43708_C205,O43708,205,6.93,Low
O43719_C480,O43719,480,4.9,Medium
O43795_C129,O43795,129,4.38,Medium
O60232_C152,O60232,152,4.67,Medium
O60234_C96,O60234,96,5.15,Low
O60264_C165,O60264,165,6.65,Low
O60443_C45,O60443,45,1.38,High
O60502_C596,O60502,596,6.68,Low
O60506_C96,O60506,96,6.91,Low
O60568_C691,O60568,691,1.01,High
O60610_C1227,O60610,1227,11.41,Low
O60664_C60,O60664,60,5.12,Low
O60701_C112,O60701,112,4.78,Medium
O60701_C196,O60701,196,8.03,Low
O60701_C276,O60701,276,5.53,Low
O60701_C288,O60701,288,5.58,Low
O60825_C158,O60825,158,3.02,Medium
O60828_C60,O60828,60,6.91,Low
O60841_C720,O60841,720,6.21,Low
O60841_C749,O60841,749,2.48,Medium
O60888_C96,O60888,96,6.36,Low
O75083_C225,O75083,225,7.79,Low
O75083_C285,O75083,285,5.67,Low
O75131_C54,O75131,54,5.33,Low
O75153_C333,O75153,333,6.45,Low
O75157_C158,O75157,158,4.14,Medium
O75175_C600,O75175,600,3.95,Medium
O75348_C69,O75348,69,9.37,Low
O75369_C26,O75369,26,5.41,Low
O75369_C455,O75369,455,8.48,Low
O75369_C706,O75369,706,20.0,Low
O75369_C1087,O75369,1087,11.96,Low
O75369_C2501,O75369,2501,6.56,Low
O75390_C211,O75390,211,6.0,Low
O75391_C191,O75391,191,6.14,Low
O75439_C265,O75439,265,6.58,Low
O75446_C184,O75446,184,7.93,Low
O75521_C380,O75521,380,5.76,Low
O75533_C1244,O75533,1244,2.88,Medium
O75534_C506,O75534,506,10.1,Low
O75600_C219,O75600,219,3.76,Medium
O75607_C105,O75607,105,5.37,Low
O75663_C14,O75663,14,7.71,Low
O75663_C87,O75663,87,10.48,Low
O75688_C172,O75688,172,5.39,Low
O75832_C107,O75832,107,8.62,Low
O75874_C269,O75874,269,2.62,Medium
O75874_C379,O75874,379,9.06,Low
O75934_C106,O75934,106,4.07,Medium
O75934_C132,O75934,132,4.15,Medium
O75940_C214,O75940,214,5.06,Low
O76003_C146,O76003,146,5.38,Low
O76075_C194,O76075,194,1.54,High
O94903_C261,O94903,261,6.24,Low
O94992_C79,O94992,79,4.48,Medium
O94992_C84,O94992,84,4.48,Medium
O95071_C730,O95071,730,4.39,Medium
O95273_C300,O95273,300,5.07,Low
O95336_C32,O95336,32,1.73,High
O95340_C350,O95340,350,4.32,Medium
O95340_C497,O95340,497,4.32,Medium
O95347_C132,O95347,132,20.0,Low
O95347_C1174,O95347,1174,6.21,Low
O95372_C56,O95372,56,5.19,Low
O95372_C213,O95372,213,6.66,Low
O95394_C93,O95394,93,6.65,Low
O95394_C200,O95394,200,8.86,Low
O95396_C95,O95396,95,2.92,Medium
O95396_C225,O95396,225,9.39,Low
O95456_C157,O95456,157,4.14,Medium
O95456_C169,O95456,169,5.68,Low
O95486_C704,O95486,704,2.14,Medium
O95571_C34,O95571,34,9.31,Low
O95571_C170,O95571,170,4.21,Medium
O95671_C333,O95671,333,6.76,Low
O95747_C191,O95747,191,4.86,Medium
O95793_C574,O95793,574,5.71,Low
O95817_C151,O95817,151,5.67,Low
O95833_C22,O95833,22,1.14,High
O95833_C25,O95833,25,1.14,High
O95861_C42,O95861,42,6.02,Low
O95881_C66,O95881,66,1.02,High
O95983_C215,O95983,215,7.48,Low
O95994_C81,O95994,81,2.33,Medium
O96017_C539,O96017,539,6.55,Low
P00338_C35,P00338,35,6.25,Low
P00338_C131,P00338,131,4.6,Medium
P00338_C163,P00338,163,5.62,Low
P00338_C293,P00338,293,7.26,Low
P00390_C102,P00390,102,5.3,Low
P00441_C147,P00441,147,3.84,Medium
P00491_C31,P00491,31,7.34,Low
P00492_C23,P00492,23,3.21,Medium
P00492_C106,P00492,106,6.05,Low
P00558_C316,P00558,316,7.87,Low
P00558_C379,P00558,379,4.84,Medium
P00813_C75,P00813,75,5.71,Low
P00813_C153,P00813,153,6.59,Low
P00918_C205,P00918,205,4.03,Medium
P02765_C132,P02765,132,10.46,Low
P02765_C230,P02765,230,7.57,Low
P02795_C36,P02795,36,6.39,Low
P03950_C81,P03950,81,1.58,High
P04075_C73,P04075,73,6.07,Low
P04075_C202,P04075,202,4.75,Medium
P04075_C240,P04075,240,8.22,Low
P04075_C339,P04075,339,8.7,Low
P04083_C270,P04083,270,4.0,Medium
P04083_C324,P04083,324,6.46,Low
P04183_C66,P04183,66,6.34,Low
P04183_C206,P04183,206,6.1,Low
P04632_C190,P04632,190,9.04,Low
P04632_C232,P04632,232,4.74,Medium
P04637_C182,P04637,182,7.79,Low
P04732_C36,P04732,36,6.39,Low
P04818_C180,P04818,180,5.53,Low
P04818_C195,P04818,195,5.06,Low
P04818_C199,P04818,199,5.06,Low
P04899_C112,P04899,112,6.86,Low
P05091_C318,P05091,318,1.06,High
P05091_C319,P05091,319,1.06,High
P05091_C320,P05091,320,1.06,High
P05161_C78,P05161,78,7.76,Low
P05386_C61,P05386,61,5.95,Low
P05388_C119,P05388,119,7.19,Low
P06400_C853,P06400,853,6.04,Low
P06733_C119,P06733,119,8.39,Low
P06744_C404,P06744,404,6.36,Low
P07195_C36,P07195,36,6.43,Low
P07195_C132,P07195,132,5.49,Low
P07195_C164,P07195,164,5.62,Low
P07195_C294,P07195,294,6.24,Low
P07237_C53,P07237,53,1.38,High
P07237_C56,P07237,56,0.8,High
P07237_C343,P07237,343,3.27,Medium
P07237_C397,P07237,397,1.12,High
P07237_C400,P07237,400,1.12,High
P07339_C117,P07339,117,4.07,Medium
P07339_C329,P07339,329,2.08,Medium
P07355_C262,P07355,262,4.62,Medium
P07384_C108,P07384,108,5.31,Low
P07384_C115,P07384,115,5.31,Low
P07437_C12,P07437,12,5.03,Low
P07437_C127,P07437,127,3.34,Medium
P07437_C201,P07437,201,3.83,Medium
P07437_C211,P07437,211,3.83,Medium
P07437_C239,P07437,239,2.41,Medium
P07437_C303,P07437,303,5.36,Low
P07437_C354,P07437,354,5.37,Low
P07737_C128,P07737,128,6.0,Low
P07741_C83,P07741,83,5.02,Low
P07814_C1301,P07814,1301,2.52,Medium
P07814_C1487,P07814,1487,6.11,Low
P07864_C163,P07864,163,5.62,Low
P07900_C374,P07900,374,6.3,Low
P07900_C529,P07900,529,6.4,Low
P07900_C597,P07900,597,5.45,Low
P07900_C598,P07900,598,5.45,Low
P07996_C1167,P07996,1167,3.14,Medium
P08133_C96,P08133,96,7.95,Low
P08670_C328,P08670,328,9.67,Low
P08779_C369,P08779,369,4.5,Medium
P09104_C119,P09104,119,8.39,Low
P09110_C177,P09110,177,5.18,Low
P09110_C381,P09110,381,10.72,Low
P09211_C48,P09211,48,3.6,Medium
P09429_C23,P09429,23,5.77,Low
P09497_C199,P09497,199,8.97,Low
P09622_C477,P09622,477,8.05,Low
P09661_C89,P09661,89,5.07,Low
P10599_C32,P10599,32,0.95,High
P10599_C35,P10599,35,1.38,High
P10599_C73,P10599,73,5.87,Low
P10644_C18,P10644,18,3.46,Medium
P10768_C56,P10768,56,6.81,Low
P10768_C181,P10768,181,5.76,Low
P10809_C237,P10809,237,4.73,Medium
P10809_C442,P10809,442,5.25,Low
P11142_C17,P11142,17,5.2,Low
P11142_C603,P11142,603,8.72,Low
P11216_C326,P11216,326,3.71,Medium
P11277_C112,P11277,112,6.22,Low
P11413_C13,P11413,13,6.06,Low
P11413_C385,P11413,385,5.65,Low
P11413_C446,P11413,446,7.01,Low
P11498_C622,P11498,622,5.1,Low
P11586_C863,P11586,863,1.44,High
P11586_C918,P11586,918,3.77,Medium
P11940_C132,P11940,132,8.19,Low
P12004_C27,P12004,27,3.89,Medium
P12004_C81,P12004,81,7.19,Low
P12004_C135,P12004,135,7.66,Low
P12268_C140,P12268,140,2.87,Medium
P12268_C331,P12268,331,3.25,Medium
P12277_C283,P12277,283,1.16,High
P12532_C316,P12532,316,1.16,High
P12955_C467,P12955,467,7.18,Low
P13010_C493,P13010,493,5.57,Low
P13056_C116,P13056,116,4.37,Medium
P13489_C75,P13489,75,4.33,Medium
P13489_C409,P13489,409,6.3,Low
P13639_C41,P13639,41,5.21,Low
P13639_C136,P13639,136,6.65,Low
P13639_C466,P13639,466,6.36,Low
P13639_C651,P13639,651,5.31,Low
P13639_C751,P13639,751,6.24,Low
P13639_C812,P13639,812,4.83,Medium
P13640_C37,P13640,37,6.39,Low
P13645_C401,P13645,401,4.06,Medium
P13667_C91,P13667,91,1.38,High
P13667_C206,P13667,206,1.94,High
P13667_C209,P13667,209,1.82,High
P13667_C555,P13667,555,1.78,High
P13667_C558,P13667,558,1.78,High
P13796_C42,P13796,42,6.03,Low
P13796_C101,P13796,101,5.76,Low
P13796_C140,P13796,140,13.73,Low
P13796_C164,P13796,164,6.65,Low
P13796_C206,P13796,206,7.17,Low
P13796_C618,P13796,618,7.41,Low
P13797_C33,P13797,33,3.4,Medium
P13797_C621,P13797,621,8.82,Low
P13798_C629,P13798,629,3.84,Medium
P13798_C641,P13798,641,3.84,Medium
P13929_C119,P13929,119,8.39,Low
P13995_C166,P13995,166,5.41,Low
P14174_C81,P14174,81,5.3,Low
P14324_C204,P14324,204,5.16,Low
P14618_C49,P14618,49,7.9,Low
P14618_C326,P14618,326,7.99,Low
P14618_C358,P14618,358,3.86,Medium
P14618_C423,P14618,423,6.44,Low
P14618_C424,P14618,424,6.44,Low
P14618_C474,P14618,474,5.77,Low
P14635_C238,P14635,238,4.67,Medium
P14868_C203,P14868,203,5.74,Low
P14868_C349,P14868,349,8.53,Low
P14921_C31,P14921,31,5.26,Low
P14921_C99,P14921,99,5.36,Low
P14921_C112,P14921,112,5.72,Low
P14923_C511,P14923,511,4.81,Medium
P15121_C299,P15121,299,6.47,Low
P15121_C304,P15121,304,6.47,Low
P15153_C178,P15153,178,6.04,Low
P15170_C276,P15170,276,4.84,Medium
P15374_C50,P15374,50,4.96,Medium
P15374_C95,P15374,95,7.15,Low
P15407_C97,P15407,97,8.36,Low
P15812_C217,P15812,217,3.36,Medium
P15880_C229,P15880,229,4.71,Medium
P15924_C740,P15924,740,5.3,Low
P15927_C219,P15927,219,8.07,Low
P17516_C242,P17516,242,7.48,Low
P17540_C317,P17540,317,1.16,High
P17655_C82,P17655,82,6.39,Low
P17655_C98,P17655,98,6.47,Low
P17655_C105,P17655,105,6.47,Low
P17655_C301,P17655,301,6.57,Low
P17655_C640,P17655,640,1.5,High
P17858_C170,P17858,170,3.87,Medium
P17927_C1387,P17927,1387,0.94,High
P17987_C147,P17987,147,7.62,Low
P17987_C357,P17987,357,6.99,Low
P17987_C397,P17987,397,6.15,Low
P18031_C92,P18031,92,4.64,Medium
P18085_C62,P18085,62,6.47,Low
P18669_C153,P18669,153,6.05,Low
P19367_C813,P19367,813,6.73,Low
P19838_C61,P19838,61,20.0,Low
P20073_C363,P20073,363,5.97,Low
P20073_C413,P20073,413,5.52,Low
P20290_C22,P20290,22,20.0,Low
P21266_C208,P21266,208,16.38,Low
P21291_C40,P21291,40,6.75,Low
P21291_C167,P21291,167,6.05,Low
P21333_C53,P21333,53,5.41,Low
P21333_C574,P21333,574,5.33,Low
P21333_C1157,P21333,1157,6.22,Low
P21333_C1453,P21333,1453,8.57,Low
P21333_C2107,P21333,2107,6.59,Low
P21333_C2543,P21333,2543,8.74,Low
P21333_C2601,P21333,2601,5.88,Low
P21359_C454,P21359,454,4.27,Medium
P21964_C119,P21964,119,6.35,Low
P21964_C223,P21964,223,6.07,Low
P21980_C230,P21980,230,6.4,Low
P21980_C269,P21980,269,6.39,Low
P21980_C277,P21980,277,5.75,Low
P21980_C290,P21980,290,4.71,Medium
P21980_C370,P21980,370,9.79,Low
P22102_C41,P22102,41,6.24,Low
P22234_C63,P22234,63,5.98,Low
P22234_C81,P22234,81,5.23,Low
P22234_C185,P22234,185,4.42,Medium
P22234_C350,P22234,350,5.01,Low
P22307_C94,P22307,94,0.96,High
P22307_C307,P22307,307,3.26,Medium
P22314_C632,P22314,632,6.33,Low
P22314_C906,P22314,906,12.18,Low
P22692_C174,P22692,174,6.42,Low
P22692_C215,P22692,215,20.0,Low
P23368_C120,P23368,120,6.99,Low
P23396_C97,P23396,97,2.39,Medium
P23443_C90,P23443,90,6.58,Low
P23497_C309,P23497,309,7.93,Low
P23526_C421,P23526,421,7.11,Low
P23528_C80,P23528,80,5.54,Low
P23528_C139,P23528,139,6.04,Low
P23771_C183,P23771,183,6.24,Low
P23919_C117,P23919,117,8.3,Low
P23919_C163,P23919,163,6.85,Low
P23921_C492,P23921,492,6.92,Low
P24468_C326,P24468,326,3.93,Medium
P24752_C119,P24752,119,7.87,Low
P24752_C126,P24752,126,1.1,High
P24752_C142,P24752,142,8.63,Low
P24752_C196,P24752,196,5.95,Low
P24752_C413,P24752,413,5.32,Low
P24941_C177,P24941,177,4.51,Medium
P25205_C119,P25205,119,4.32,Medium
P25205_C123,P25205,123,4.32,Medium
P25205_C148,P25205,148,6.3,Low
P25205_C360,P25205,360,8.16,Low
P25398_C92,P25398,92,5.13,Low
P25705_C294,P25705,294,4.12,Medium
P25786_C148,P25786,148,3.44,Medium
P25789_C34,P25789,34,6.5,Low
P25789_C107,P25789,107,5.54,Low
P25789_C115,P25789,115,5.54,Low
P25815_C85,P25815,85,4.69,Medium
P26038_C117,P26038,117,20.0,Low
P26038_C284,P26038,284,3.18,Medium
P26358_C62,P26358,62,5.6,Low
P26447_C76,P26447,76,2.67,Medium
P26447_C81,P26447,81,2.67,Medium
P26447_C86,P26447,86,2.67,Medium
P26583_C23,P26583,23,5.77,Low
P26639_C343,P26639,343,7.11,Low
P26641_C68,P26641,68,7.21,Low
P26641_C166,P26641,166,5.31,Low
P26641_C194,P26641,194,7.43,Low
P26641_C266,P26641,266,6.4,Low
P26641_C339,P26641,339,6.64,Low
P27348_C25,P27348,25,8.52,Low
P27348_C94,P27348,94,6.21,Low
P27348_C134,P27348,134,6.84,Low
P27348_C237,P27348,237,8.81,Low
P27635_C105,P27635,105,4.8,Medium
P27695_C99,P27695,99,6.59,Low
P27707_C9,P27707,9,5.46,Low
P27707_C45,P27707,45,5.77,Low
P27708_C73,P27708,73,2.47,Medium
P27708_C1889,P27708,1889,6.39,Low
P27816_C67,P27816,67,5.01,Low
P27816_C535,P27816,535,11.11,Low
P27816_C654,P27816,654,8.56,Low
P27824_C160,P27824,160,5.08,Low
P28062_C120,P28062,120,4.79,Medium
P28062_C160,P28062,160,6.94,Low
P28074_C111,P28074,111,5.9,Low
P28482_C254,P28482,254,8.84,Low
P28838_C335,P28838,335,20.0,Low
P28838_C376,P28838,376,6.71,Low
P28838_C462,P28838,462,3.49,Medium
P29372_C61,P29372,61,5.53,Low
P29373_C82,P29373,82,6.11,Low
P29401_C386,P29401,386,5.81,Low
P29401_C413,P29401,413,2.54,Medium
P29401_C417,P29401,417,2.54,Medium
P29590_C389,P29590,389,6.77,Low
P30044_C100,P30044,100,6.83,Low
P30044_C204,P30044,204,4.5,Medium
P30048_C60,P30048,60,5.22,Low
P30048_C108,P30048,108,5.75,Low
P30048_C229,P30048,229,4.13,Medium
P30084_C62,P30084,62,6.19,Low
P30101_C57,P30101,57,1.41,High
P30101_C60,P30101,60,1.19,High
P30101_C85,P30101,85,4.41,Medium
P30101_C406,P30101,406,1.78,High
P30101_C409,P30101,409,1.78,High
P30153_C294,P30153,294,8.3,Low
P30153_C377,P30153,377,5.8,Low
P30153_C390,P30153,390,10.9,Low
P30154_C306,P30154,306,8.3,Low
P30154_C389,P30154,389,6.59,Low
P30154_C402,P30154,402,10.9,Low
P30281_C47,P30281,47,8.02,Low
P30566_C113,P30566,113,2.11,Medium
P30566_C340,P30566,340,5.7,Low
P30626_C194,P30626,194,4.38,Medium
P30740_C344,P30740,344,5.06,Low
P30876_C1093,P30876,1093,4.26,Medium
P31146_C51,P31146,51,8.45,Low
P31153_C56,P31153,56,9.31,Low
P31153_C214,P31153,214,5.11,Low
P31350_C317,P31350,317,9.84,Low
P31749_C310,P31749,310,4.5,Medium
P31751_C311,P31751,311,4.5,Medium
P31937_C211,P31937,211,5.16,Low
P31939_C241,P31939,241,7.98,Low
P31946_C96,P31946,96,5.24,Low
P31947_C38,P31947,38,5.37,Low
P31949_C13,P31949,13,4.85,Medium
P31949_C91,P31949,91,4.81,Medium
P32119_C172,P32119,172,4.4,Medium
P32320_C8,P32320,8,2.44,Medium
P32320_C14,P32320,14,7.04,Low
P32320_C31,P32320,31,5.78,Low
P33240_C150,P33240,150,5.58,Low
P33316_C222,P33316,222,8.54,Low
P33764_C14,P33764,14,5.59,Low
P33764_C53,P33764,53,6.32,Low
P34896_C389,P34896,389,11.22,Low
P34897_C412,P34897,412,11.22,Low
P34932_C34,P34932,34,7.12,Low
P34932_C290,P34932,290,8.11,Low
P35219_C200,P35219,200,12.85,Low
P35236_C204,P35236,204,7.42,Low
P35241_C284,P35241,284,3.18,Medium
P35520_C15,P35520,15,3.35,Medium
P35579_C671,P35579,671,8.52,Low
P35579_C816,P35579,816,5.36,Low
P35580_C823,P35580,823,5.36,Low
P35611_C68,P35611,68,3.99,Medium
P35658_C186,P35658,186,7.23,Low
P35658_C728,P35658,728,2.58,Medium
P35749_C823,P35749,823,5.36,Low
P35754_C23,P35754,23,0.96,High
P35754_C26,P35754,26,0.92,High
P35754_C79,P35754,79,5.67,Low
P35754_C83,P35754,83,5.67,Low
P35914_C323,P35914,323,5.98,Low
P36405_C118,P36405,118,7.38,Low
P36507_C211,P36507,211,6.06,Low
P36542_C103,P36542,103,5.76,Low
P36551_C198,P36551,198,9.5,Low
P36551_C239,P36551,239,9.32,Low
P37275_C311,P37275,311,7.17,Low
P37802_C38,P37802,38,6.07,Low
P37802_C63,P37802,63,5.91,Low
P37802_C124,P37802,124,6.11,Low
P38117_C42,P38117,42,3.49,Medium
P38606_C138,P38606,138,0.9,High
P39687_C123,P39687,123,3.11,Medium
P40222_C523,P40222,523,4.98,Medium
P40763_C259,P40763,259,3.21,Medium
P40926_C212,P40926,212,6.99,Low
P40926_C275,P40926,275,6.27,Low
P41250_C466,P41250,466,5.54,Low
P41250_C471,P41250,471,5.54,Low
P41250_C525,P41250,525,3.41,Medium
P41252_C526,P41252,526,6.22,Low
P42166_C341,P42166,341,7.22,Low
P42224_C155,P42224,155,5.53,Low
P42224_C492,P42224,492,4.65,Medium
P42330_C242,P42330,242,7.48,Low
P42575_C320,P42575,320,4.77,Medium
P42575_C370,P42575,370,1.92,High
P42677_C77,P42677,77,4.24,Medium
P42704_C863,P42704,863,8.98,Low
P42765_C92,P42765,92,3.13,Medium
P43007_C109,P43007,109,2.05,Medium
P43304_C385,P43304,385,6.43,Low
P43403_C346,P43403,346,5.3,Low
P43487_C99,P43487,99,5.79,Low
P43487_C132,P43487,132,6.09,Low
P45880_C13,P45880,13,11.93,Low
P45984_C116,P45984,116,2.4,Medium
P45984_C177,P45984,177,3.36,Medium
P46013_C1007,P46013,1007,16.98,Low
P46060_C573,P46060,573,5.29,Low
P46109_C249,P46109,249,3.65,Medium
P46782_C66,P46782,66,1.89,High
P46821_C73,P46821,73,6.15,Low
P47756_C36,P47756,36,5.64,Low
P47756_C147,P47756,147,6.46,Low
P47756_C206,P47756,206,5.81,Low
P47897_C358,P47897,358,10.47,Low
P48507_C193,P48507,193,4.89,Medium
P48507_C194,P48507,194,4.89,Medium
P48556_C274,P48556,274,7.21,Low
P48643_C181,P48643,181,7.61,Low
P48643_C253,P48643,253,6.98,Low
P48735_C154,P48735,154,4.41,Medium
P48735_C308,P48735,308,5.77,Low
P48735_C336,P48735,336,5.77,Low
P48735_C418,P48735,418,5.46,Low
P49005_C384,P49005,384,6.23,Low
P49023_C108,P49023,108,7.7,Low
P49321_C708,P49321,708,4.68,Medium
P49327_C135,P49327,135,3.92,Medium
P49327_C1448,P49327,1448,5.17,Low
P49327_C1558,P49327,1558,4.55,Medium
P49327_C2202,P49327,2202,6.52,Low
P49327_C2359,P49327,2359,4.5,Medium
P49458_C48,P49458,48,6.59,Low
P49459_C88,P49459,88,6.04,Low
P49588_C773,P49588,773,6.43,Low
P49589_C27,P49589,27,5.39,Low
P49591_C300,P49591,300,6.3,Low
P49721_C91,P49721,91,6.9,Low
P49748_C237,P49748,237,6.08,Low
P49773_C84,P49773,84,1.66,High
P49840_C262,P49840,262,6.01,Low
P49841_C14,P49841,14,6.26,Low
P49841_C199,P49841,199,6.01,Low
P49915_C104,P49915,104,4.5,Medium
P49915_C456,P49915,456,8.74,Low
P49915_C489,P49915,489,8.48,Low
P49915_C523,P49915,523,7.49,Low
P50454_C156,P50454,156,4.29,Medium
P50552_C334,P50552,334,5.19,Low
P50570_C27,P50570,27,5.32,Low
P50748_C1711,P50748,1711,4.74,Medium
P50749_C251,P50749,251,4.88,Medium
P50990_C36,P50990,36,5.14,Low
P50990_C149,P50990,149,5.89,Low
P50990_C244,P50990,244,7.52,Low
P50991_C252,P50991,252,7.72,Low
P51570_C182,P51570,182,5.55,Low
P51610_C135,P51610,135,2.73,Medium
P51610_C1139,P51610,1139,8.05,Low
P51610_C1166,P51610,1166,5.19,Low
P51610_C1872,P51610,1872,7.86,Low
P51610_C1886,P51610,1886,5.51,Low
P51610_C1895,P51610,1895,5.51,Low
P51649_C340,P51649,340,1.54,High
P51665_C116,P51665,116,6.49,Low
P51812_C579,P51812,579,6.42,Low
P52209_C422,P52209,422,5.56,Low
P52272_C114,P52272,114,6.43,Low
P52272_C653,P52272,653,6.06,Low
P52292_C133,P52292,133,4.02,Medium
P52292_C223,P52292,223,6.2,Low
P52306_C29,P52306,29,5.82,Low
P52435_C31,P52435,31,12.08,Low
P52565_C79,P52565,79,5.41,Low
P52566_C76,P52566,76,6.37,Low
P52895_C242,P52895,242,5.3,Low
P52907_C157,P52907,157,6.99,Low
P53041_C77,P53041,77,10.34,Low
P53384_C235,P53384,235,4.83,Medium
P53396_C20,P53396,20,5.89,Low
P53597_C60,P53597,60,20.0,Low
P53602_C386,P53602,386,7.25,Low
P53618_C235,P53618,235,5.97,Low
P53675_C736,P53675,736,6.09,Low
P54105_C73,P54105,73,20.0,Low
P54687_C140,P54687,140,9.94,Low
P54886_C88,P54886,88,6.41,Low
P54886_C612,P54886,612,4.54,Medium
P55039_C99,P55039,99,20.0,Low
P55060_C842,P55060,842,4.92,Medium
P55060_C939,P55060,939,6.01,Low
P55072_C522,P55072,522,9.3,Low
P55084_C435,P55084,435,3.19,Medium
P55212_C68,P55212,68,7.83,Low
P55263_C353,P55263,353,5.45,Low
P55735_C187,P55735,187,3.8,Medium
P55769_C30,P55769,30,4.63,Medium
P55786_C265,P55786,265,6.54,Low
P55786_C339,P55786,339,4.65,Medium
P55786_C657,P55786,657,4.48,Medium
P55809_C67,P55809,67,3.09,Medium
P55884_C384,P55884,384,5.21,Low
P56159_C52,P56159,52,6.02,Low
P56159_C87,P56159,87,5.11,Low
P56159_C395,P56159,395,4.61,Medium
P56377_C98,P56377,98,2.02,Medium
P56537_C56,P56537,56,4.39,Medium
P57721_C86,P57721,86,6.14,Low
P57721_C141,P57721,141,6.21,Low
P57737_C34,P57737,34,10.52,Low
P57764_C268,P57764,268,2.91,Medium
P57764_C457,P57764,457,5.32,Low
P59998_C21,P59998,21,5.0,Medium
P60709_C217,P60709,217,5.22,Low
P60709_C257,P60709,257,6.87,Low
P60709_C272,P60709,272,6.87,Low
P60709_C285,P60709,285,6.44,Low
P60763_C178,P60763,178,7.28,Low
P60842_C131,P60842,131,5.27,Low
P60842_C134,P60842,134,5.27,Low
P60866_C70,P60866,70,5.71,Low
P60981_C23,P60981,23,6.06,Low
P60981_C80,P60981,80,5.54,Low
P60981_C135,P60981,135,5.76,Low
P60981_C147,P60981,147,7.32,Low
P60981_C163,P60981,163,7.05,Low
P60983_C96,P60983,96,5.15,Low
P61077_C85,P61077,85,8.82,Low
P61077_C107,P61077,107,6.15,Low
P61077_C111,P61077,111,6.15,Low
P61106_C40,P61106,40,6.43,Low
P61158_C307,P61158,307,12.47,Low
P61221_C88,P61221,88,12.58,Low
P61247_C96,P61247,96,4.3,Medium
P61247_C111,P61247,111,5.25,Low
P61289_C92,P61289,92,7.97,Low
P61927_C19,P61927,19,10.62,Low
P61962_C256,P61962,256,7.7,Low
P61966_C99,P61966,99,2.02,Medium
P61970_C38,P61970,38,6.24,Low
P61970_C80,P61970,80,5.29,Low
P61978_C132,P61978,132,5.48,Low
P61978_C145,P61978,145,7.78,Low
P61981_C97,P61981,97,5.14,Low
P62072_C29,P62072,29,6.89,Low
P62241_C182,P62241,182,4.92,Medium
P62244_C30,P62244,30,6.53,Low
P62249_C25,P62249,25,4.58,Medium
P62258_C97,P62258,97,6.54,Low
P62258_C98,P62258,98,6.54,Low
P62266_C90,P62266,90,6.28,Low
P62280_C60,P62280,60,3.23,Medium
P62280_C116,P62280,116,5.29,Low
P62304_C46,P62304,46,5.93,Low
P62306_C66,P62306,66,6.61,Low
P62316_C46,P62316,46,5.62,Low
P62701_C41,P62701,41,8.69,Low
P62753_C12,P62753,12,5.6,Low
P62753_C100,P62753,100,6.06,Low
P62829_C28,P62829,28,13.7,Low
P62837_C85,P62837,85,8.82,Low
P62837_C107,P62837,107,6.15,Low
P62837_C111,P62837,111,6.15,Low
P62879_C25,P62879,25,4.99,Medium
P62879_C204,P62879,204,5.46,Low
P62879_C271,P62879,271,4.78,Medium
P62879_C294,P62879,294,3.59,Medium
P62879_C317,P62879,317,3.52,Medium
P62888_C92,P62888,92,5.29,Low
P62937_C62,P62937,62,5.85,Low
P62937_C115,P62937,115,4.48,Medium
P62942_C23,P62942,23,5.91,Low
P62993_C32,P62993,32,6.06,Low
P63000_C178,P63000,178,7.28,Low
P63104_C25,P63104,25,5.12,Low
P63104_C94,P63104,94,5.71,Low
P63146_C88,P63146,88,6.04,Low
P63151_C398,P63151,398,7.98,Low
P63208_C120,P63208,120,8.89,Low
P63208_C160,P63208,160,7.03,Low
P63220_C17,P63220,17,6.45,Low
P63220_C56,P63220,56,6.37,Low
P63279_C93,P63279,93,5.45,Low
P63279_C138,P63279,138,10.32,Low
P67936_C247,P67936,247,6.32,Low
P68104_C111,P68104,111,6.49,Low
P68104_C234,P68104,234,6.02,Low
P68104_C411,P68104,411,6.95,Low
P68366_C54,P68366,54,9.05,Low
P68366_C129,P68366,129,4.0,Medium
P68366_C295,P68366,295,4.72,Medium
P68366_C315,P68366,315,3.62,Medium
P68366_C316,P68366,316,3.62,Medium
P68366_C347,P68366,347,4.65,Medium
P68366_C376,P68366,376,3.92,Medium
P68402_C188,P68402,188,6.85,Low
P68402_C206,P68402,206,5.71,Low
P68431_C97,P68431,97,4.69,Medium
P68431_C111,P68431,111,4.69,Medium
P78346_C87,P78346,87,8.37,Low
P78347_C34,P78347,34,5.43,Low
P78347_C215,P78347,215,8.21,Low
P78371_C395,P78371,395,5.88,Low
P78406_C106,P78406,106,7.13,Low
P78417_C32,P78417,32,0.84,High
P78417_C90,P78417,90,5.55,Low
P78417_C192,P78417,192,6.24,Low
P78417_C237,P78417,237,4.65,Medium
P80297_C36,P80297,36,6.39,Low
P81877_C82,P81877,82,4.85,Medium
P83731_C36,P83731,36,7.96,Low
P84085_C62,P84085,62,6.1,Low
P84090_C69,P84090,69,5.38,Low
P84243_C111,P84243,111,5.18,Low
P86790_C358,P86790,358,4.32,Medium
Q00013_C179,Q00013,179,4.7,Medium
Q00013_C242,Q00013,242,7.15,Low
Q00534_C83,Q00534,83,7.42,Low
Q00534_C207,Q00534,207,4.09,Medium
Q00534_C306,Q00534,306,5.8,Low
Q00535_C157,Q00535,157,5.43,Low
Q00610_C736,Q00610,736,6.09,Low
Q00610_C870,Q00610,870,6.69,Low
Q00765_C18,Q00765,18,5.24,Low
Q00796_C45,Q00796,45,0.89,High
Q00796_C179,Q00796,179,5.39,Low
Q00839_C562,Q00839,562,4.14,Medium
Q00839_C594,Q00839,594,6.84,Low
Q00839_C607,Q00839,607,9.37,Low
Q01082_C112,Q01082,112,6.22,Low
Q01433_C107,Q01433,107,5.72,Low
Q01518_C93,Q01518,93,8.74,Low
Q01581_C129,Q01581,129,1.31,High
Q01813_C112,Q01813,112,20.0,Low
Q01813_C179,Q01813,179,2.2,Medium
Q02252_C317,Q02252,317,1.12,High
Q02750_C207,Q02750,207,6.06,Low
Q02790_C396,Q02790,396,7.84,Low
Q02833_C152,Q02833,152,2.77,Medium
Q04637_C662,Q04637,662,6.78,Low
Q04637_C1384,Q04637,1384,6.11,Low
Q04637_C1516,Q04637,1516,7.91,Low
Q04695_C336,Q04695,336,4.81,Medium
Q04760_C61,Q04760,61,8.27,Low
Q04828_C242,Q04828,242,5.3,Low
Q04917_C97,Q04917,97,7.6,Low
Q05513_C161,Q05513,161,20.0,Low
Q05639_C111,Q05639,111,6.49,Low
Q05639_C326,Q05639,326,7.71,Low
Q05639_C411,Q05639,411,4.72,Medium
Q06124_C259,Q06124,259,4.58,Medium
Q06124_C318,Q06124,318,6.51,Low
Q06203_C100,Q06203,100,2.21,Medium
Q06323_C22,Q06323,22,4.86,Medium
Q06323_C101,Q06323,101,3.13,Medium
Q06323_C106,Q06323,106,3.13,Medium
Q06330_C313,Q06330,313,4.88,Medium
Q06830_C52,Q06830,52,4.46,Medium
Q06830_C83,Q06830,83,7.73,Low
Q06830_C173,Q06830,173,4.69,Medium
Q07666_C264,Q07666,264,6.64,Low
Q07866_C114,Q07866,114,5.97,Low
Q08379_C984,Q08379,984,4.8,Medium
Q09666_C1833,Q09666,1833,6.99,Low
Q09666_C1900,Q09666,1900,6.39,Low
Q09666_C2162,Q09666,2162,6.4,Low
Q0VGL1_C51,Q0VGL1,51,3.79,Medium
Q10567_C565,Q10567,565,4.12,Medium
Q12789_C42,Q12789,42,3.58,Medium
Q12824_C147,Q12824,147,5.58,Low
Q12824_C223,Q12824,223,6.13,Low
Q12849_C476,Q12849,476,7.24,Low
Q12874_C103,Q12874,103,4.02,Medium
Q12874_C274,Q12874,274,8.25,Low
Q13131_C117,Q13131,117,5.8,Low
Q13148_C50,Q13148,50,2.8,Medium
Q13155_C23,Q13155,23,5.07,Low
Q13155_C291,Q13155,291,4.49,Medium
Q13158_C98,Q13158,98,4.18,Medium
Q13162_C51,Q13162,51,9.34,Low
Q13162_C245,Q13162,245,4.69,Medium
Q13185_C177,Q13185,177,5.97,Low
Q13200_C251,Q13200,251,10.56,Low
Q13200_C779,Q13200,779,4.52,Medium
Q13232_C17,Q13232,17,5.24,Low
Q13232_C158,Q13232,158,4.6,Medium
Q13283_C73,Q13283,73,9.81,Low
Q13303_C248,Q13303,248,4.05,Medium
Q13309_C111,Q13309,111,4.83,Medium
Q13309_C113,Q13309,113,4.83,Medium
Q13310_C132,Q13310,132,8.19,Low
Q13363_C134,Q13363,134,7.81,Low
Q13418_C346,Q13418,346,3.75,Medium
Q13425_C391,Q13425,391,5.92,Low
Q13428_C38,Q13428,38,6.23,Low
Q13428_C1298,Q13428,1298,8.11,Low
Q13496_C53,Q13496,53,3.12,Medium
Q13501_C131,Q13501,131,4.87,Medium
Q13509_C303,Q13509,303,5.36,Low
Q13526_C57,Q13526,57,5.44,Low
Q13526_C113,Q13526,113,4.58,Medium
Q13541_C62,Q13541,62,7.0,Low
Q13547_C100,Q13547,100,2.62,Medium
Q13547_C408,Q13547,408,20.0,Low
Q13561_C240,Q13561,240,5.02,Low
Q13561_C256,Q13561,256,5.02,Low
Q13572_C403,Q13572,403,6.64,Low
Q13573_C250,Q13573,250,3.75,Medium
Q13588_C161,Q13588,161,3.63,Medium
Q13630_C116,Q13630,116,2.27,Medium
Q13642_C71,Q13642,71,4.42,Medium
Q13838_C165,Q13838,165,8.41,Low
Q13867_C73,Q13867,73,2.65,Medium
Q14139_C79,Q14139,79,4.8,Medium
Q14139_C1002,Q14139,1002,2.85,Medium
Q14141_C269,Q14141,269,1.17,High
Q14145_C319,Q14145,319,2.6,Medium
Q14151_C224,Q14151,224,10.79,Low
Q14192_C28,Q14192,28,5.42,Low
Q14192_C132,Q14192,132,11.25,Low
Q14192_C150,Q14192,150,3.41,Medium
Q14192_C254,Q14192,254,8.69,Low
Q14232_C169,Q14232,169,9.01,Low
Q14247_C112,Q14247,112,7.21,Low
Q14247_C246,Q14247,246,9.76,Low
Q14258_C70,Q14258,70,5.19,Low
Q14258_C475,Q14258,475,6.84,Low
Q14353_C91,Q14353,91,4.13,Medium
Q14566_C301,Q14566,301,6.15,Low
Q14566_C540,Q14566,540,3.51,Medium
Q14653_C167,Q14653,167,5.85,Low
Q14657_C23,Q14657,23,6.64,Low
Q14669_C535,Q14669,535,20.0,Low
Q14676_C26,Q14676,26,6.94,Low
Q14683_C987,Q14683,987,4.92,Medium
Q14694_C94,Q14694,94,4.64,Medium
Q14738_C17,Q14738,17,5.68,Low
Q14919_C54,Q14919,54,6.34,Low
Q14974_C436,Q14974,436,5.5,Low
Q14974_C455,Q14974,455,5.5,Low
Q14974_C585,Q14974,585,6.64,Low
Q14980_C80,Q14980,80,5.91,Low
Q14980_C160,Q14980,160,6.29,Low
Q15003_C418,Q15003,418,5.07,Low
Q15013_C124,Q15013,124,6.38,Low
Q15019_C111,Q15019,111,6.83,Low
Q15021_C320,Q15021,320,7.91,Low
Q15021_C439,Q15021,439,5.47,Low
Q15021_C767,Q15021,767,2.25,Medium
Q15024_C238,Q15024,238,2.76,Medium
Q15027_C64,Q15027,64,6.77,Low
Q15031_C167,Q15031,167,5.7,Low
Q15084_C55,Q15084,55,1.84,High
Q15084_C58,Q15084,58,1.84,High
Q15084_C190,Q15084,190,1.38,High
Q15084_C193,Q15084,193,1.65,High
Q15102_C55,Q15102,55,5.59,Low
Q15102_C205,Q15102,205,5.26,Low
Q15149_C950,Q15149,950,9.41,Low
Q15149_C3110,Q15149,3110,6.3,Low
Q15181_C254,Q15181,254,12.21,Low
Q15181_C270,Q15181,270,7.82,Low
Q15181_C274,Q15181,274,7.82,Low
Q15185_C40,Q15185,40,7.94,Low
Q15185_C58,Q15185,58,6.48,Low
Q15185_C75,Q15185,75,10.28,Low
Q15185_C76,Q15185,76,10.28,Low
Q15208_C234,Q15208,234,9.14,Low
Q15233_C145,Q15233,145,4.01,Medium
Q15365_C54,Q15365,54,6.14,Low
Q15365_C109,Q15365,109,6.6,Low
Q15365_C158,Q15365,158,10.77,Low
Q15365_C194,Q15365,194,5.41,Low
Q15365_C293,Q15365,293,7.66,Low
Q15366_C54,Q15366,54,6.14,Low
Q15366_C109,Q15366,109,6.21,Low
Q15366_C158,Q15366,158,6.63,Low
Q15366_C217,Q15366,217,7.22,Low
Q15366_C301,Q15366,301,5.4,Low
Q15370_C60,Q15370,60,6.57,Low
Q15370_C89,Q15370,89,6.25,Low
Q15393_C410,Q15393,410,4.41,Medium
Q15393_C1156,Q15393,1156,4.71,Medium
Q15398_C129,Q15398,129,4.01,Medium
Q15417_C173,Q15417,173,7.38,Low
Q15418_C575,Q15418,575,6.42,Low
Q15424_C225,Q15424,225,10.79,Low
Q15631_C225,Q15631,225,8.19,Low
Q15742_C481,Q15742,481,5.55,Low
Q15796_C70,Q15796,70,7.53,Low
Q15813_C141,Q15813,141,5.71,Low
Q16186_C88,Q16186,88,4.62,Medium
Q16566_C202,Q16566,202,1.88,High
Q16630_C159,Q16630,159,7.33,Low
Q16643_C96,Q16643,96,8.32,Low
Q16666_C637,Q16666,637,6.35,Low
Q16666_C679,Q16666,679,5.04,Low
Q16698_C285,Q16698,285,5.76,Low
Q16740_C86,Q16740,86,4.08,Medium
Q16763_C95,Q16763,95,7.52,Low
Q16763_C118,Q16763,118,10.35,Low
Q16822_C306,Q16822,306,4.62,Medium
Q16822_C431,Q16822,431,5.36,Low
Q16831_C162,Q16831,162,9.73,Low
Q16831_C209,Q16831,209,4.98,Medium
Q16836_C211,Q16836,211,7.91,Low
Q16851_C123,Q16851,123,5.38,Low
Q27J81_C284,Q27J81,284,5.53,Low
Q27J81_C332,Q27J81,332,5.2,Low
Q27J81_C971,Q27J81,971,3.33,Medium
Q29RF7_C242,Q29RF7,242,14.25,Low
Q2M389_C936,Q2M389,936,5.41,Low
Q2T9J0_C240,Q2T9J0,240,2.01,Medium
Q2T9J0_C284,Q2T9J0,284,1.11,High
Q2TAA2_C137,Q2TAA2,137,4.34,Medium
Q2TAA2_C145,Q2TAA2,145,4.34,Medium
Q2VPK5_C433,Q2VPK5,433,3.44,Medium
Q3KQU3_C361,Q3KQU3,361,5.42,Low
Q3ZCM7_C12,Q3ZCM7,12,5.03,Low
Q3ZCM7_C239,Q3ZCM7,239,4.41,Medium
Q3ZCM7_C303,Q3ZCM7,303,5.36,Low
Q3ZCM7_C354,Q3ZCM7,354,5.37,Low
Q52LJ0_C63,Q52LJ0,63,6.07,Low
Q52LJ0_C295,Q52LJ0,295,5.67,Low
Q53QV2_C54,Q53QV2,54,5.08,Low
Q5EBM0_C153,Q5EBM0,153,2.88,Medium
Q5H9R7_C467,Q5H9R7,467,8.06,Low
Q5JPI9_C192,Q5JPI9,192,6.5,Low
Q5JVF3_C362,Q5JVF3,362,8.72,Low
Q5MNZ6_C63,Q5MNZ6,63,5.43,Low
Q5T1V6_C414,Q5T1V6,414,3.25,Medium
Q5T1V6_C453,Q5T1V6,453,4.22,Medium
Q5T2R2_C315,Q5T2R2,315,4.73,Medium
Q5T440_C170,Q5T440,170,5.88,Low
Q5TBB1_C56,Q5TBB1,56,5.19,Low
Q5TDH0_C361,Q5TDH0,361,16.88,Low
Q5TFE4_C119,Q5TFE4,119,3.35,Medium
Q5TFE4_C399,Q5TFE4,399,8.12,Low
Q5VSL9_C798,Q5VSL9,798,5.96,Low
Q5VZE5_C356,Q5VZE5,356,2.52,Medium
Q66K14_C289,Q66K14,289,1.4,High
Q66K74_C342,Q66K74,342,6.6,Low
Q66K74_C440,Q66K74,440,6.64,Low
Q66LE6_C404,Q66LE6,404,10.58,Low
Q68CZ2_C615,Q68CZ2,615,6.07,Low
Q68CZ2_C1241,Q68CZ2,1241,7.95,Low
Q69YN2_C288,Q69YN2,288,20.0,Low
Q6DCA0_C153,Q6DCA0,153,0.88,High
Q6GMV2_C194,Q6GMV2,194,20.0,Low
Q6IA86_C475,Q6IA86,475,4.91,Medium
Q6IBS0_C141,Q6IBS0,141,8.68,Low
Q6ICB0_C108,Q6ICB0,108,0.99,High
Q6IPU0_C147,Q6IPU0,147,1.38,High
Q6IS14_C129,Q6IS14,129,5.95,Low
Q6KB66_C244,Q6KB66,244,4.55,Medium
Q6L8Q7_C108,Q6L8Q7,108,4.91,Medium
Q6L8Q7_C119,Q6L8Q7,119,4.91,Medium
Q6NUK1_C330,Q6NUK1,330,20.0,Low
Q6NXT1_C230,Q6NXT1,230,11.31,Low
Q6P2E9_C384,Q6P2E9,384,12.65,Low
Q6P4I2_C106,Q6P4I2,106,7.23,Low
Q6P996_C191,Q6P996,191,3.98,Medium
Q6PI48_C590,Q6PI48,590,6.81,Low
Q6PJG6_C539,Q6PJG6,539,4.14,Medium
Q6PJG6_C673,Q6PJG6,673,3.32,Medium
Q6PKG0_C864,Q6PKG0,864,4.89,Medium
Q6QNY0_C168,Q6QNY0,168,2.78,Medium
Q6UB35_C61,Q6UB35,61,7.0,Low
Q6UB35_C906,Q6UB35,906,1.44,High
Q6UB35_C961,Q6UB35,961,3.47,Medium
Q6YN16_C166,Q6YN16,166,3.17,Medium
Q6YN16_C218,Q6YN16,218,5.48,Low
Q6ZMR3_C163,Q6ZMR3,163,5.62,Low
Q6ZRF8_C201,Q6ZRF8,201,20.0,Low
Q70E73_C94,Q70E73,94,6.46,Low
Q71SY5_C111,Q71SY5,111,3.25,Medium
Q71U36_C4,Q71U36,4,2.71,Medium
Q71U36_C20,Q71U36,20,2.71,Medium
Q71U36_C25,Q71U36,25,2.71,Medium
Q71U36_C129,Q71U36,129,5.29,Low
Q71U36_C295,Q71U36,295,4.72,Medium
Q71U36_C315,Q71U36,315,3.62,Medium
Q71U36_C316,Q71U36,316,3.62,Medium
Q71U36_C347,Q71U36,347,4.75,Medium
Q71U36_C376,Q71U36,376,3.92,Medium
Q71UM5_C77,Q71UM5,77,4.24,Medium
Q7L1Q6_C35,Q7L1Q6,35,8.15,Low
Q7L1V2_C326,Q7L1V2,326,6.34,Low
Q7L2H7_C134,Q7L2H7,134,9.51,Low
Q7L2J0_C177,Q7L2J0,177,6.87,Low
Q7L576_C1088,Q7L576,1088,4.09,Medium
Q7L5D6_C160,Q7L5D6,160,3.9,Medium
Q7L5D6_C205,Q7L5D6,205,4.25,Medium
Q7L5Y1_C67,Q7L5Y1,67,4.81,Medium
Q7L5Y1_C307,Q7L5Y1,307,3.61,Medium
Q7RTV0_C11,Q7RTV0,11,7.97,Low
Q7RTV0_C49,Q7RTV0,49,9.69,Low
Q7Z2W4_C38,Q7Z2W4,38,5.62,Low
Q7Z2W4_C645,Q7Z2W4,645,4.51,Medium
Q7Z406_C840,Q7Z406,840,5.36,Low
Q7Z4W1_C138,Q7Z4W1,138,9.72,Low
Q7Z5J4_C239,Q7Z5J4,239,5.54,Low
Q7Z6Z7_C1832,Q7Z6Z7,1832,20.0,Low
Q7Z6Z7_C3259,Q7Z6Z7,3259,7.32,Low
Q7Z6Z7_C3375,Q7Z6Z7,3375,3.84,Medium
Q7Z6Z7_C3385,Q7Z6Z7,3385,3.84,Medium
Q7Z6Z7_C4367,Q7Z6Z7,4367,7.91,Low
Q86SX6_C67,Q86SX6,67,6.02,Low
Q86TI2_C844,Q86TI2,844,2.06,Medium
Q86U90_C99,Q86U90,99,5.73,Low
Q86UY8_C276,Q86UY8,276,20.0,Low
Q86VP6_C1007,Q86VP6,1007,6.17,Low
Q86VY4_C153,Q86VY4,153,8.04,Low
Q86W42_C35,Q86W42,35,1.6,High
Q86WR0_C83,Q86WR0,83,5.6,Low
Q86WS5_C64,Q86WS5,64,6.24,Low
Q86X76_C203,Q86X76,203,3.3,Medium
Q86YS7_C867,Q86YS7,867,5.28,Low
Q8IU81_C280,Q8IU81,280,7.54,Low
Q8IU81_C363,Q8IU81,363,5.16,Low
Q8IUI8_C154,Q8IUI8,154,5.03,Low
Q8IUR0_C139,Q8IUR0,139,1.7,High
Q8IWV8_C1717,Q8IWV8,1717,4.62,Medium
Q8IWZ3_C615,Q8IWZ3,615,3.98,Medium
Q8IY18_C91,Q8IY18,91,0.92,High
Q8IY18_C229,Q8IY18,229,2.5,Medium
Q8IYS1_C14,Q8IYS1,14,6.48,Low
Q8N0Z6_C439,Q8N0Z6,439,20.0,Low
Q8N163_C644,Q8N163,644,6.74,Low
Q8N1F7_C522,Q8N1F7,522,1.67,High
Q8N339_C36,Q8N339,36,6.39,Low
Q8N5F7_C47,Q8N5F7,47,6.72,Low
Q8N806_C35,Q8N806,35,5.45,Low
Q8N999_C302,Q8N999,302,4.18,Medium
Q8NB37_C94,Q8NB37,94,4.24,Medium
Q8NBF2_C716,Q8NBF2,716,6.67,Low
Q8NBS9_C89,Q8NBS9,89,1.64,High
Q8NBS9_C217,Q8NBS9,217,1.41,High
Q8NBS9_C350,Q8NBS9,350,1.38,High
Q8NBZ0_C179,Q8NBZ0,179,6.77,Low
Q8NC51_C11,Q8NC51,11,8.74,Low
Q8NCF5_C232,Q8NCF5,232,4.62,Medium
Q8ND04_C157,Q8ND04,157,6.28,Low
Q8ND04_C359,Q8ND04,359,5.09,Low
Q8ND24_C655,Q8ND24,655,10.21,Low
Q8ND82_C94,Q8ND82,94,10.73,Low
Q8NDH3_C81,Q8NDH3,81,2.98,Medium
Q8NDH3_C189,Q8NDH3,189,4.46,Medium
Q8NEC7_C140,Q8NEC7,140,1.14,High
Q8NFH5_C255,Q8NFH5,255,8.27,Low
Q8NFR3_C68,Q8NFR3,68,5.55,Low
Q8TAC2_C168,Q8TAC2,168,9.2,Low
Q8TAQ2_C145,Q8TAQ2,145,4.39,Medium
Q8TC07_C197,Q8TC07,197,3.49,Medium
Q8TCU6_C37,Q8TCU6,37,4.38,Medium
Q8TD06_C71,Q8TD06,71,1.79,High
Q8TD19_C623,Q8TD19,623,1.32,High
Q8TD19_C878,Q8TD19,878,6.87,Low
Q8TDP1_C34,Q8TDP1,34,7.62,Low
Q8TDX7_C224,Q8TDX7,224,4.94,Medium
Q8TDX7_C247,Q8TDX7,247,8.33,Low
Q8TDX7_C298,Q8TDX7,298,7.35,Low
Q8TEX9_C708,Q8TEX9,708,4.61,Medium
Q8TF40_C874,Q8TF40,874,1.23,High
Q8WUM4_C90,Q8WUM4,90,3.33,Medium
Q8WUM4_C512,Q8WUM4,512,6.2,Low
Q8WUX2_C113,Q8WUX2,113,6.46,Low
Q8WV74_C207,Q8WV74,207,2.17,Medium
Q8WVJ2_C14,Q8WVJ2,14,5.36,Low
Q8WVJ2_C99,Q8WVJ2,99,6.4,Low
Q8WVV9_C464,Q8WVV9,464,4.95,Medium
Q8WW01_C13,Q8WW01,13,20.0,Low
Q8WZ82_C152,Q8WZ82,152,8.4,Low
Q92503_C644,Q92503,644,5.25,Low
Q92530_C185,Q92530,185,4.83,Medium
Q92538_C158,Q92538,158,6.29,Low
Q92597_C168,Q92597,168,3.88,Medium
Q92598_C34,Q92598,34,6.72,Low
Q92599_C271,Q92599,271,1.01,High
Q92688_C123,Q92688,123,3.11,Medium
Q92879_C150,Q92879,150,6.28,Low
Q92888_C537,Q92888,537,4.87,Medium
Q92888_C815,Q92888,815,8.5,Low
Q92888_C911,Q92888,911,20.0,Low
Q92974_C478,Q92974,478,2.79,Medium
Q93052_C364,Q93052,364,6.25,Low
Q969Q0_C88,Q969Q0,88,8.93,Low
Q96AB3_C114,Q96AB3,114,6.08,Low
Q96BF6_C393,Q96BF6,393,6.16,Low
Q96C19_C172,Q96C19,172,6.85,Low
Q96CM8_C64,Q96CM8,64,3.5,Medium
Q96CM8_C573,Q96CM8,573,3.56,Medium
Q96DU7_C675,Q96DU7,675,3.84,Medium
Q96E14_C95,Q96E14,95,8.04,Low
Q96EK4_C48,Q96EK4,48,6.0,Low
Q96EP5_C85,Q96EP5,85,8.72,Low
Q96EY5_C90,Q96EY5,90,20.0,Low
Q96EY5_C231,Q96EY5,231,6.0,Low
Q96EY8_C132,Q96EY8,132,4.48,Medium
Q96F07_C1112,Q96F07,1112,4.09,Medium
Q96F86_C413,Q96F86,413,4.39,Medium
Q96F86_C499,Q96F86,499,5.05,Low
Q96FF9_C195,Q96FF9,195,10.02,Low
Q96FV9_C49,Q96FV9,49,2.9,Medium
Q96FW1_C23,Q96FW1,23,6.1,Low
Q96GJ1_C289,Q96GJ1,289,4.32,Medium
Q96GX2_C75,Q96GX2,75,6.13,Low
Q96GX9_C147,Q96GX9,147,4.77,Medium
Q96H86_C36,Q96H86,36,20.0,Low
Q96HE7_C37,Q96HE7,37,4.0,Medium
Q96HE7_C166,Q96HE7,166,3.16,Medium
Q96HE7_C241,Q96HE7,241,4.27,Medium
Q96IF1_C158,Q96IF1,158,5.27,Low
Q96IJ6_C389,Q96IJ6,389,2.77,Medium
Q96IY1_C224,Q96IY1,224,10.72,Low
Q96JB2_C65,Q96JB2,65,4.02,Medium
Q96JC4_C470,Q96JC4,470,20.0,Low
Q96KB5_C22,Q96KB5,22,6.5,Low
Q96KB5_C70,Q96KB5,70,6.97,Low
Q96KP4_C205,Q96KP4,205,4.89,Medium
Q96L21_C105,Q96L21,105,4.8,Medium
Q96ME1_C459,Q96ME1,459,2.55,Medium
Q96ME1_C468,Q96ME1,468,2.55,Medium
Q96N21_C302,Q96N21,302,2.78,Medium
Q96N67_C2125,Q96N67,2125,7.73,Low
Q96NY7_C487,Q96NY7,487,2.11,Medium
Q96P65_C201,Q96P65,201,4.39,Medium
Q96PE3_C854,Q96PE3,854,20.0,Low
Q96PU8_C35,Q96PU8,35,9.82,Low
Q96Q11_C373,Q96Q11,373,6.14,Low
Q96RE7_C416,Q96RE7,416,6.16,Low
Q96RG2_C89,Q96RG2,89,4.85,Medium
Q96RP9_C153,Q96RP9,153,6.4,Low
Q96RS6_C376,Q96RS6,376,5.95,Low
Q96RS6_C511,Q96RS6,511,6.72,Low
Q96RS6_C513,Q96RS6,513,6.72,Low
Q96ST2_C749,Q96ST2,749,6.89,Low
Q96T76_C819,Q96T76,819,3.99,Medium
Q96T76_C848,Q96T76,848,2.31,Medium
Q99439_C164,Q99439,164,6.07,Low
Q99439_C175,Q99439,175,5.78,Low
Q99439_C215,Q99439,215,5.33,Low
Q99439_C240,Q99439,240,12.45,Low
Q99497_C46,Q99497,46,10.67,Low
Q99497_C106,Q99497,106,3.03,Medium
Q99538_C50,Q99538,50,10.85,Low
Q99638_C114,Q99638,114,6.59,Low
Q99685_C208,Q99685,208,2.66,Medium
Q99714_C58,Q99714,58,3.18,Medium
Q99714_C214,Q99714,214,5.15,Low
Q99757_C90,Q99757,90,1.41,High
Q99757_C93,Q99757,93,1.5,High
Q99829_C53,Q99829,53,5.92,Low
Q99832_C29,Q99832,29,4.68,Medium
Q99873_C119,Q99873,119,2.38,Medium
Q99967_C261,Q99967,261,4.35,Medium
Q9BQ69_C186,Q9BQ69,186,5.11,Low
Q9BQ69_C276,Q9BQ69,276,8.12,Low
Q9BQ70_C438,Q9BQ70,438,5.82,Low
Q9BQC3_C251,Q9BQC3,251,20.0,Low
Q9BR61_C267,Q9BR61,267,4.87,Medium
Q9BR76_C153,Q9BR76,153,12.3,Low
Q9BRA2_C43,Q9BRA2,43,0.96,High
Q9BRJ7_C88,Q9BRJ7,88,3.5,Medium
Q9BRP1_C80,Q9BRP1,80,3.95,Medium
Q9BRP1_C82,Q9BRP1,82,3.95,Medium
Q9BRQ0_C333,Q9BRQ0,333,8.74,Low
Q9BRT3_C33,Q9BRT3,33,2.25,Medium
Q9BS26_C58,Q9BS26,58,3.09,Medium
Q9BSD7_C101,Q9BSD7,101,6.64,Low
Q9BSH4_C256,Q9BSH4,256,4.36,Medium
Q9BSH5_C109,Q9BSH5,109,6.53,Low
Q9BSH5_C243,Q9BSH5,243,6.61,Low
Q9BTA9_C553,Q9BTA9,553,4.0,Medium
Q9BTE3_C325,Q9BTE3,325,2.51,Medium
Q9BTE6_C209,Q9BTE6,209,2.4,Medium
Q9BTE6_C210,Q9BTE6,210,2.4,Medium
Q9BTW9_C850,Q9BTW9,850,5.15,Low
Q9BU89_C254,Q9BU89,254,7.39,Low
Q9BUF5_C201,Q9BUF5,201,3.83,Medium
Q9BUF5_C211,Q9BUF5,211,3.83,Medium
Q9BUF5_C303,Q9BUF5,303,5.36,Low
Q9BUH6_C180,Q9BUH6,180,7.68,Low
Q9BUK6_C403,Q9BUK6,403,4.87,Medium
Q9BV20_C168,Q9BV20,168,5.62,Low
Q9BV57_C70,Q9BV57,70,13.08,Low
Q9BV86_C195,Q9BV86,195,6.11,Low
Q9BVA1_C12,Q9BVA1,12,5.03,Low
Q9BVA1_C201,Q9BVA1,201,3.83,Medium
Q9BVA1_C211,Q9BVA1,211,3.83,Medium
Q9BVA1_C239,Q9BVA1,239,2.41,Medium
Q9BVA1_C303,Q9BVA1,303,5.36,Low
Q9BVA1_C354,Q9BVA1,354,5.37,Low
Q9BW61_C25,Q9BW61,25,1.85,High
Q9BW71_C86,Q9BW71,86,7.13,Low
Q9BWD1_C88,Q9BWD1,88,3.71,Medium
Q9BWD1_C92,Q9BWD1,92,3.71,Medium
Q9BWD1_C360,Q9BWD1,360,7.41,Low
Q9BWT6_C115,Q9BWT6,115,4.19,Medium
Q9BX40_C310,Q9BX40,310,5.45,Low
Q9BX63_C332,Q9BX63,332,5.58,Low
Q9BX63_C442,Q9BX63,442,5.89,Low
Q9BX63_C443,Q9BX63,443,5.89,Low
Q9BXB5_C203,Q9BXB5,203,7.36,Low
Q9BXJ9_C721,Q9BXJ9,721,6.68,Low
Q9BXW7_C392,Q9BXW7,392,6.06,Low
Q9BY32_C33,Q9BY32,33,10.46,Low
Q9BY32_C146,Q9BY32,146,5.81,Low
Q9BY42_C262,Q9BY42,262,4.79,Medium
Q9BZE9_C109,Q9BZE9,109,5.9,Low
Q9C0C9_C314,Q9C0C9,314,5.56,Low
Q9C0C9_C1099,Q9C0C9,1099,6.47,Low
Q9C0I1_C694,Q9C0I1,694,1.45,High
Q9GZP4_C187,Q9GZP4,187,8.53,Low
Q9GZQ3_C117,Q9GZQ3,117,11.75,Low
Q9GZZ9_C250,Q9GZZ9,250,6.45,Low
Q9H0C8_C325,Q9H0C8,325,8.19,Low
Q9H0W8_C380,Q9H0W8,380,1.31,High
Q9H1B7_C63,Q9H1B7,63,7.16,Low
Q9H299_C71,Q9H299,71,5.19,Low
Q9H2L5_C249,Q9H2L5,249,3.39,Medium
Q9H2U2_C44,Q9H2U2,44,5.55,Low
Q9H307_C249,Q9H307,249,1.89,High
Q9H361_C132,Q9H361,132,8.19,Low
Q9H3H3_C222,Q9H3H3,222,6.71,Low
Q9H3R5_C35,Q9H3R5,35,7.41,Low
Q9H3U1_C426,Q9H3U1,426,6.69,Low
Q9H3U1_C853,Q9H3U1,853,2.43,Medium
Q9H4A4_C223,Q9H4A4,223,4.51,Medium
Q9H4A4_C304,Q9H4A4,304,3.72,Medium
Q9H4A4_C311,Q9H4A4,311,3.72,Medium
Q9H5X1_C90,Q9H5X1,90,3.58,Medium
Q9H6S3_C543,Q9H6S3,543,8.96,Low
Q9H7B4_C238,Q9H7B4,238,2.99,Medium
Q9H7Z6_C416,Q9H7Z6,416,12.88,Low
Q9H7Z7_C110,Q9H7Z7,110,0.96,High
Q9H814_C51,Q9H814,51,10.89,Low
Q9H832_C100,Q9H832,100,4.93,Medium
Q9H993_C194,Q9H993,194,4.77,Medium
Q9HA47_C236,Q9HA47,236,5.73,Low
Q9HA64_C24,Q9HA64,24,3.02,Medium
Q9HAU4_C706,Q9HAU4,706,5.36,Low
Q9HAV4_C646,Q9HAV4,646,7.71,Low
Q9HAV7_C124,Q9HAV7,124,6.54,Low
Q9HB19_C332,Q9HB19,332,6.32,Low
Q9HB90_C377,Q9HB90,377,4.67,Medium
Q9HBM1_C27,Q9HBM1,27,7.93,Low
Q9HCC0_C216,Q9HCC0,216,2.86,Medium
Q9HCC0_C267,Q9HCC0,267,6.11,Low
Q9HD42_C44,Q9HD42,44,6.3,Low
Q9NPF4_C265,Q9NPF4,265,7.08,Low
Q9NPH2_C443,Q9NPH2,443,20.0,Low
Q9NQ88_C161,Q9NQ88,161,4.15,Medium
Q9NQC3_C1101,Q9NQC3,1101,2.59,Medium
Q9NQR4_C153,Q9NQR4,153,2.63,Medium
Q9NQT5_C215,Q9NQT5,215,3.98,Medium
Q9NQW6_C61,Q9NQW6,61,10.48,Low
Q9NQW6_C712,Q9NQW6,712,6.54,Low
Q9NQX3_C419,Q9NQX3,419,7.26,Low
Q9NR33_C84,Q9NR33,84,5.08,Low
Q9NR46_C252,Q9NR46,252,2.24,Medium
Q9NR50_C64,Q9NR50,64,6.83,Low
Q9NR50_C106,Q9NR50,106,13.34,Low
Q9NRA8_C318,Q9NRA8,318,2.65,Medium
Q9NRF9_C51,Q9NRF9,51,7.55,Low
Q9NRG0_C55,Q9NRG0,55,6.51,Low
Q9NS18_C77,Q9NS18,77,1.01,High
Q9NS86_C49,Q9NS86,49,5.73,Low
Q9NT62_C182,Q9NT62,182,7.37,Low
Q9NTK5_C55,Q9NTK5,55,6.83,Low
Q9NUI1_C22,Q9NUI1,22,3.46,Medium
Q9NUP9_C47,Q9NUP9,47,7.21,Low
Q9NUQ9_C10,Q9NUQ9,10,6.64,Low
Q9NUU7_C392,Q9NUU7,392,7.84,Low
Q9NUY8_C283,Q9NUY8,283,4.54,Medium
Q9NVA2_C268,Q9NVA2,268,1.01,High
Q9NVC6_C649,Q9NVC6,649,1.96,High
Q9NVG8_C36,Q9NVG8,36,3.92,Medium
Q9NVG8_C387,Q9NVG8,387,7.16,Low
Q9NVM9_C349,Q9NVM9,349,4.46,Medium
Q9NVP2_C189,Q9NVP2,189,20.0,Low
Q9NVS9_C156,Q9NVS9,156,10.09,Low
Q9NWV8_C222,Q9NWV8,222,5.68,Low
Q9NWY4_C17,Q9NWY4,17,5.5,Low
Q9NXG2_C31,Q9NXG2,31,6.92,Low
Q9NXJ5_C149,Q9NXJ5,149,1.06,High
Q9NY27_C22,Q9NY27,22,4.29,Medium
Q9NYL2_C22,Q9NYL2,22,2.96,Medium
Q9NYL9_C132,Q9NYL9,132,5.04,Low
Q9NYL9_C150,Q9NYL9,150,8.1,Low
Q9NZD2_C36,Q9NZD2,36,6.54,Low
Q9P0J1_C149,Q9P0J1,149,2.9,Medium
Q9P0J1_C151,Q9P0J1,151,2.9,Medium
Q9P0L0_C60,Q9P0L0,60,4.93,Medium
Q9P0V9_C293,Q9P0V9,293,1.01,High
Q9P215_C39,Q9P215,39,4.28,Medium
Q9P258_C428,Q9P258,428,5.78,Low
Q9P289_C77,Q9P289,77,5.6,Low
Q9P2X3_C195,Q9P2X3,195,3.47,Medium
Q9UBB5_C359,Q9UBB5,359,7.48,Low
Q9UBC5_C122,Q9UBC5,122,4.38,Medium
Q9UBN7_C426,Q9UBN7,426,7.07,Low
Q9UBR2_C89,Q9UBR2,89,3.2,Medium
Q9UBR2_C92,Q9UBR2,92,3.2,Medium
Q9UBW8_C110,Q9UBW8,110,9.11,Low
Q9UER7_C664,Q9UER7,664,9.8,Low
Q9UEW8_C237,Q9UEW8,237,4.86,Medium
Q9UGV2_C166,Q9UGV2,166,5.98,Low
Q9UHD1_C86,Q9UHD1,86,5.94,Low
Q9UHD8_C248,Q9UHD8,248,5.64,Low
Q9UHD8_C375,Q9UHD8,375,5.47,Low
Q9UHD8_C531,Q9UHD8,531,1.92,High
Q9UHQ1_C99,Q9UHQ1,99,0.89,High
Q9UHR5_C127,Q9UHR5,127,5.26,Low
Q9UHX1_C129,Q9UHX1,129,8.09,Low
Q9UI10_C509,Q9UI10,509,3.16,Medium
Q9UI12_C85,Q9UI12,85,7.8,Low
Q9UI30_C33,Q9UI30,33,6.76,Low
Q9UI30_C100,Q9UI30,100,1.87,High
Q9UJU2_C321,Q9UJU2,321,5.95,Low
Q9UJW0_C258,Q9UJW0,258,7.55,Low
Q9UJX3_C131,Q9UJX3,131,4.55,Medium
Q9UJX3_C329,Q9UJX3,329,1.61,High
Q9UJY4_C429,Q9UJY4,429,6.64,Low
Q9UK41_C128,Q9UK41,128,9.3,Low
Q9UK45_C85,Q9UK45,85,5.54,Low
Q9UK53_C216,Q9UK53,216,20.0,Low
Q9UKW4_C669,Q9UKW4,669,1.67,High
Q9UKX7_C151,Q9UKX7,151,6.83,Low
Q9UL15_C213,Q9UL15,213,6.63,Low
Q9UL45_C95,Q9UL45,95,2.12,Medium
Q9UL46_C91,Q9UL46,91,6.59,Low
Q9ULC4_C14,Q9ULC4,14,8.15,Low
Q9ULH7_C282,Q9ULH7,282,5.87,Low
Q9ULJ3_C129,Q9ULJ3,129,4.49,Medium
Q9ULV4_C420,Q9ULV4,420,5.89,Low
Q9ULW0_C364,Q9ULW0,364,9.01,Low
Q9UMR2_C393,Q9UMR2,393,7.84,Low
Q9UMS0_C210,Q9UMS0,210,6.17,Low
Q9UMS0_C213,Q9UMS0,213,6.17,Low
Q9UNI6_C265,Q9UNI6,265,6.0,Low
Q9UNM6_C357,Q9UNM6,357,4.46,Medium
Q9UNW1_C232,Q9UNW1,232,6.88,Low
Q9UPN7_C172,Q9UPN7,172,4.24,Medium
Q9UPN7_C795,Q9UPN7,795,5.33,Low
Q9Y224_C19,Q9Y224,19,5.33,Low
Q9Y243_C307,Q9Y243,307,4.5,Medium
Q9Y263_C584,Q9Y263,584,6.86,Low
Q9Y266_C188,Q9Y266,188,7.27,Low
Q9Y2D0_C224,Q9Y2D0,224,3.54,Medium
Q9Y2D5_C296,Q9Y2D5,296,7.63,Low
Q9Y2H1_C235,Q9Y2H1,235,9.14,Low
Q9Y2T2_C10,Q9Y2T2,10,6.38,Low
Q9Y2X0_C801,Q9Y2X0,801,1.23,High
Q9Y2X7_C576,Q9Y2X7,576,3.04,Medium
Q9Y305_C155,Q9Y305,155,7.87,Low
Q9Y365_C74,Q9Y365,74,5.51,Low
Q9Y365_C75,Q9Y365,75,5.51,Low
Q9Y3A3_C134,Q9Y3A3,134,5.4,Low
Q9Y3C6_C133,Q9Y3C6,133,20.0,Low
Q9Y3D0_C93,Q9Y3D0,93,1.15,High
Q9Y3D2_C45,Q9Y3D2,45,5.19,Low
Q9Y3D2_C105,Q9Y3D2,105,4.82,Medium
Q9Y3E2_C20,Q9Y3E2,20,3.73,Medium
Q9Y3E2_C126,Q9Y3E2,126,4.75,Medium
Q9Y3F4_C340,Q9Y3F4,340,6.25,Low
Q9Y478_C223,Q9Y478,223,4.28,Medium
Q9Y490_C1978,Q9Y490,1978,7.78,Low
Q9Y4P1_C74,Q9Y4P1,74,4.92,Medium
Q9Y4P1_C189,Q9Y4P1,189,5.32,Low
Q9Y4R8_C628,Q9Y4R8,628,6.13,Low
Q9Y4X0_C175,Q9Y4X0,175,0.88,High
Q9Y508_C110,Q9Y508,110,8.52,Low
Q9Y5B9_C574,Q9Y5B9,574,3.97,Medium
Q9Y5K6_C595,Q9Y5K6,595,8.66,Low
Q9Y5N6_C88,Q9Y5N6,88,8.29,Low
Q9Y5P6_C245,Q9Y5P6,245,5.91,Low
Q9Y5R8_C115,Q9Y5R8,115,7.44,Low
Q9Y5S2_C1517,Q9Y5S2,1517,1.38,High
Q9Y5S9_C149,Q9Y5S9,149,5.46,Low
Q9Y5Y2_C54,Q9Y5Y2,54,6.97,Low
Q9Y5Y2_C72,Q9Y5Y2,72,4.97,Medium
Q9Y5Y2_C196,Q9Y5Y2,196,2.96,Medium
Q9Y5Y2_C202,Q9Y5Y2,202,2.96,Medium
Q9Y617_C80,Q9Y617,80,5.61,Low
Q9Y617_C175,Q9Y617,175,8.09,Low
Q9Y696_C35,Q9Y696,35,2.11,Medium
Q9Y6E0_C89,Q9Y6E0,89,3.64,Medium
Q9Y6I4_C302,Q9Y6I4,302,0.9,High
Q9Y6J0_C1197,Q9Y6J0,1197,20.0,Low
Q9Y6M9_C42,Q9Y6M9,42,5.74,Low
Q9Y6W6_C177,Q9Y6W6,177,20.0,Low
